source,reference,direct_translation,noisy_channel_translation,direct_bleu,noisy_bleu,winner
"Ulrich Hackenberg, board member at carmaker Audi, says it has been standard practice for years for mobile phones to be collected before board meetings so they cannot be used as remote listening devices.","Ulrich Hackenberg, कार निर्माता ऑडी, के बोर्ड के सदस्य कहते हैं,की यह एक सालो पुरानी प्रणाली है है  बोर्ड की बैठकों से पहले मोबाइल फोन एकत्र करने की क्योकि उनका उपयोग दूरस्थ सुन उपकरणों के रूप में ना हो सके",वह कहती है कि बरसों से मोबाइल फोन को बोर्ड से पहले सभाओं में इकट्ठा होने के लिए इस्तेमाल किया जा सकता है ताकि वे दूर से सुननेवाले उपकरणों के रूप में इस्तेमाल नहीं कर सकें ।,वह कहती है कि कई सालों से मोबाइल फोन की सभाओं में हाज़िर होने के लिए मोबाइल फोन का इस्तेमाल किया जा सकता है ताकि वे दूर से सुन सकें ।,7.7200247747260144,2.29696772946306,Direct
"He said there are a total of 42,000 members in the income tax department.",उन्होंने कहा कि आयकर महकमा के कुल 42 हजार सदस्य हैं।,"उन्होंने कहा कि आमदनी के कर विभाग में कुल मिलाकर ४,००० सदस्य हैं ।","उसने कहा कि आमदनी के कर विभाग में कुल ४,००० सदस्य हैं ।",10.82597837309053,6.608973813188645,Direct
So the city councillors have become dummies and officers are doing as they pleased.,इसके चलते शहर के पार्षद एक डम्मी बन गए है और अधिकारी अपने हिसाब से ही काम कर रहे है।,इसलिए शहर के परिषद्‌ और अधिकारियों की इच्छा के अनुसार काम कर रहे हैं।,इसलिए शहर के परिषद्‌ और अफसर अपनी इच्छा के मुताबिक काम करते हैं ।,9.063023185560711,4.40002318338242,Direct
"In neighboring France, gender issues are still controversial, according to a news report on France 24.","फ्रांस 24 पर समाचार रिपोर्ट के अनुसार, पड़ोसी देश फ्रांस में लिंग से जुड़े मुद्दे अभी भी विवादास्पद हैं।","पड़ोसी फ्रांस में, फ्रांस पर एक समाचार रिपोर्ट के अनुसार, लिंग के विषय अब भी विवादपूर्ण हैं ।","पड़ोसी फ्रांस में, फ्रांस में समाचार - पत्र के अनुसार, लिंग के विषय अब भी विवादपूर्ण हैं ।",23.5884481065342,10.657284485555579,Direct
There are a lot of patients.,वहां पर बहुत से रोगी होते हैं।,मरीज़ बहुत से हैं.,एच. ओ.,14.320952289897704,0.0,Direct
"Manmohan Singh is the Prime Minister and it is his government, yet they want Modi to respond.","मनमोहन सिंह प्रधानमंत्री हैं और उनकी सरकार है, फिर भी उन्हें मोदी से जवाब चाहिए।","मैमोमा सिंह प्रधानमंत्री है और यह उसकी सरकार है, फिर भी वे प्रतिक्रिया दिखाने के लिए मोदी चाहते हैं.","मैमोमा सिंह प्रधानमंत्री है और यह उसकी सरकार है, लेकिन वे प्रतिक्रिया दिखाने के लिए मोदी चाहते हैं.",21.37772394158387,10.079037376973913,Direct
"NSA Blames ""Internal Error,"" Not Hackers, For Website Crash","एन.एस.ए. ने वेबसाइट क्रैश होने के लिए हैकर्स के बजाय ""आंतरिक त्रुटि"" पर आरोप लगाया","एनएसएसएएसआईआईआईएस"" त्रुटि"" नहीं है, वेबसाइटों के लिए","एनएसएएसआईएसआईआईएस"" त्रुटि",3.779779722831548,0.06157407089245349,Direct
"It may be recalled that in the year 2002 Ghulam Hasan Khan, who won the 2002 elections from Shopian on a PDP ticket, was included in the cabinet, while Mufti Mohamed Sayeed was a Chief Minister.",विदित हो कि शोपियां से वर्ष पीडीपी के टिकट पर वर्ष 2002 में चुनाव जीतने वाले गुलाम हसन खान मुफ्ती मुहम्मद सईद मुख्यमंत्री रहते हुए उनके मंत्रिमंडल में शामिल थे।,"यह याद किया जा सकता है कि सन्‌ 2002 में गाब्रम खान ने, जो सन्‌ 2002 में पावेलियन टिकट के पास के चुनावों को जीत लिया था, उस वक्‍त आम जनता ने दावा किया कि वह एक प्रधान मंत्री था ।","यह याद किया जा सकता है कि सन्‌ 2002 में गाब्रम खान ने, जो सन्‌ 2002 में पावेलियन टिकट के पास के चुनावों को जीत लिया था, उस वक्‍त को पादरी के पद पर रखा गया था ।",2.331372206682652,2.5984987978515033,Noisy Channel
"In most cases, the process will slow down or stall -- something a pediatrician can monitor closely.",अधिकांश मामलों में यह प्रक्रिया धीमी हो जाएगी अथवा रुक जाएगी - जिसका बाल चिकित्सक नज़दीक से निरीक्षण कर सकते हैं।,"अधिकांश मामलों में, प्रक्रिया धीमा या कने में धीमी पड़ जाएगी - कुछ वस्तु ध्यानपूर्वक देख सकता है.","अधिकांश मामलों में, प्रक्रिया धीमा या कने में धीमी पड़ जाएगी - कुछ वस्तु ध्यान से देख सकता है.",9.272702895917078,9.560408787521254,Noisy Channel
"""There is no need for radical surgery when all you need to do is take an aspirin,"" said Randy Rentschler, the commission\'s director of legislation and public affairs.","आयोग के विधान और सार्वजनिक मामलों के निदेशक, रैन्डी रेंटशेलर ने कहा, ""जब एस्पिरिन से काम हो सकता है तो उसके लिए आमूलचूल सर्जरी की क्या जरूरत है।""","""इसके लिए कोई ज़रूरत नहीं है जब तुम सब करने की जरूरत है एक ऐथेंस ले रहा है,"" रैंडी रेफ़ी ने कहा,\ कानून और सार्वजनिक मामलों के निर्देशक।","""इसके लिए कोई ज़रूरत नहीं है जब तुम सब करने की जरूरत है एक ऐथेंस ले रही है,"" रैंडी रेफ़ी ने कहा,\ कानून और सार्वजनिक मामलों के निर्देशक.",12.876689524369926,12.480006420394119,Direct
Mick Jagger says he never hit on Katy Perry when she was 18.,"मिक जैगर का कहना है कि जब कैटी पेरी 18 वर्ष की थीं, तो उन्होंने उस पर प्रहार नहीं किया",Mick Jagger कहते हैं कि जब वह 18 साल की थी वह काटी पेरी पर कभी नहीं मारा.,Mick Jagger कहते हैं कि जब वह 18 साल की थी वह क्यक पेरी पर कभी नहीं मारा.,4.9846888244961605,4.9846888244961605,Tie
"1 deadline set by The Hague-based organization for Damascus to destroy or ""render inoperable"" all chemical weapon production facilities and machinery for mixing chemicals into poison gas and filling munitions.","जिसे हेग स्थित संगठन ने डमस्कस को सभी रासायनिक हथियार उत्पादन इकाइयों तथा विषाक्त गैसों में रसायन मिलाने तथा युद्ध सामग्री में भरने के लिए इस्तेमाल होने वाली मशीनरी को नष्ट करने अथवा ""अप्रभावी बनाने"" के लिए निर्धारित किया था।","1 मृत-पर आधारित संगठन द्वारा निर्धारित किया गया है... ... दमिश्क को नष्ट करने या ""धोर्जी करने के लिए"" सभी रासायनिक हथियार उत्पादनों और रसायनों को विष गैसों में मिलाने के लिए।","सन 1 मृत-पर आधारित संगठन द्वारा निर्धारित किया गया है जो दमिश्क को नष्ट करने या ""धोर्जी करने के लिए"" सभी रासायनिक हथियार उत्पादनों और रसायनों को विष गैसों में मिलाने के लिए इस्तेमाल किया जा सकता है।",8.276510327801457,10.019562004585861,Noisy Channel
"Unfolding in 1760s France, it tells the grim story of Suzanne, a young aristocrat sent to a convent by her family.","फ्रांस का सन 1760 का समय दर्शाता हुआ यह उपन्यास, सुजान नाम युवा रईस की दुखद कथा बयां करता है जिसे उसके परिवार के सदस्य कॉन्वेन्ट भेज देता है।","सन्‌ 1760 में फ्रांस में हर साल, यह सूसीना की भयानक कहानी बताती है, जो अपने परिवार के एक पादरी को भेजी गयी थी ।","सन्‌ 1760 में फ्रांस में प्रचार करते वक्‍त, यह सूसीना की दुःखद कहानी बताती है ।",3.5125536552755783,1.6660507423083726,Direct
She had sent her best wishes to the newlyweds.,उन्होंने अपनी बधाई नवजोड़े को भेज दी है।,उसने अपनी सबसे अच्छी इच्छा शादी करने के लिए भेजी थी ।,उसने शादी - शुदा ज़िंदगी की सबसे बेहतरीन ख्वाहिश अपने पति को भेजी थी ।,3.3864985683445354,2.627961710408444,Direct
"""It\'s really important for U.S. national security interests for Europeans to stay on board with us with respect to our mutual anti-terrorism endeavors,"" Murphy, a first-term Democrat and chairman of the Senate Foreign Relations Subcommittee on European Affairs, said in an interview from Washington.","डेमोक्रेट पार्टी के पहली बार चुने गए तथा यूरोपीय मामलों की सीनेट विदेशी सम्बन्ध उपसमिति के अध्यक्ष मर्फी ने, वाशिंगटन से साक्षात्कार में कहा, ""यू.एस. राष्ट्रीय सुरक्षा हितों के लिए यह वास्तव में महत्वपूर्ण है कि हमारे आतंकवाद-रोधी प्रयासों के संदर्भ में यूरोपीय देश हमारे साथ हों।""","""यह अमेरिका के लिए वास्तव में महत्वपूर्ण है अमेरिका.S राष्ट्रीय हितों के लिए वास्तव में हमारे आपसी विरोधी विरोध की कोशिशों के साथ बोर्ड पर रहने के लिए..."" Murphy, एक पहली योजना अनुकूल और यूरोपीय कानून के अध्यक्ष ने कहा, वॉशिंगटन से एक इंटरव्यू में.","""यह अमेरिका के लिए वास्तव में महत्वपूर्ण है अमेरिका.S राष्ट्रीय हितों के लिए वास्तव में हमारे आपसी विरोधी विरोध की कोशिशों के साथ बोर्ड पर रहने के लिए...",9.287426878770498,7.0245375831856665,Direct
Addressing the reporters Bansal said that the CBI had interrogated him in the Rail Corruption case.,पत्रकारों से बातचीत में बंसल ने कहाकि रेल रिश्वत में सीबीआइ उनसे पूछताछ कर चुकी है।,उसने कहा कि सीबीआई ने उसे RBI से भ्रष्टाचार के मामले में पूछताछ की थी ।,पत्रकारों को पता चला कि सीबीआई ने उसे RBI के मामले में पूछताछ की थी ।,3.4585921141027365,3.4585921141027365,Tie
Some studies indicate as many as a third of passengers forget or ignore directions to turn off their devices.,कुछ अध्ययनों से यह संकेत भी मिलता है कि लगभग तिहाई यात्री अपनी डिवाइस को बंद करने के निर्देश भूल जाते हैं या अनदेखा कर देते हैं।,कुछ अध्ययन दिखाते हैं कि एक तिहाई यात्री अपने उपकरणों को बंद करने की दिशा भूल जाते हैं या उन्हें नज़रअंदाज़ करते हैं ।,कुछ अध्ययन दिखाते हैं कि एक तिहाई यात्री अपने उपकरणों को बंद करने की दिशा भूल जाते हैं या उनकी उपेक्षा करते हैं ।,14.731067652113982,14.731067652113982,Tie
Looking at these photos you will also say that they are very good and that the photographer has made good use of the opportunity.,"इन फोटो को देखकर आप भी कह उठेंगे, भई वाह क्लिक करने वाले मौके का खूब फायदा उठाया है।",इन फोटो को देखने पर आप यह भी कहेंगे कि वे बहुत अच्छे हैं और फोटोग्राफी ने अवसर का अच्छा इस्तेमाल किया है।,इन फोटो को देखने पर आप यह भी कहेंगे कि वे बहुत अच्छा हैं और फोटोग्राफी ने अवसर का अच्छा इस्तेमाल किया है.,7.575731225158963,6.964541799727335,Direct
"The Municipal Corporation Mayor, Bhupinder Singh Sardar, and the former Chairman of the City Improvement Board, Mukesh Tuteja, also attended the event.",इस दौरान नगर निगम के मेयर सरदार भूपेंद्र सिंह व नगर सुधार मंडल के पूर्व चेयरमैन मुकेश टूटेजा उपस्थित रहे।,"म्यूल निगम, बिस्कुट सिंह एसर, और शहर के भूतपूर्व अध्यक्ष, मकेश टर्टा, उस घटना में भी हाज़िर हुए ।",माकेश टर्टा ने भी इस घटना के बारे में सुना ।,2.1671320168371846,1.9665244988381103,Direct
"Health, character and love for others is also a kind of wealth.","यह आपके स्वास्थ्य, चरित्र, दूसरों के प्रति प्रेम के रूप में भी होता।",सेहत और दूसरों के लिए प्यार भी एक तरह की दौलत है ।,सेहत और दूसरों के लिए प्यार,5.862244939055158,3.6221601987507865,Direct
"If the population continues to increase this way, the time will soon come when mustering a morsel for every hungry mouth would be very difficult.","अगर जनसंख्या का बढ़ना इसी तरह जारी रहा तो जल्द ही वह समय आएगा, जब हर भूखे मुंह के लिए निवाला जुटा पाना मुश्किल होगा।","यदि जनसंख्या अब भी इस तरह बढ़ रही है, तो जल्द ही वह समय आएगा जब हर भूखे मुँह के लिए एक टुकड़ा इकट्ठा करना बहुत कठिन होगा ।","यदि जनसंख्या इस तरह बढ़ रही है, तो जल्द ही वह समय आएगा जब हर भूखे मुँह के लिए एक टुकड़ा इकट्ठा करना बहुत कठिन होगा ।",22.481074167380633,24.180681260144148,Noisy Channel
"Mr Guebuza told AFP, the French news agency, on Wednesday that Mr Dhlakama saw himself as a ""loser"" who wanted to use ""whatever remains of his forces to try to prove that he can impose on the government his own decisions.""","श्री जीबुझां ने बुधवार को एएफपी, फ्रांसीसी समाचार एजेंसी से कहा कि श्री ढाकामा ने खुद को एक ""हारे"" रूप में  देखा था  ""जो भी हो उसकी सेनाओं के साबित करने की कोशिश करने  बनी हुई है कि वह सरकार पर  अपने ही निर्णय को लागू कर सकते हैं .""","श्री गुंजा ने कहा, फ्रांसीसी समाचार विभाग, बुधवार को कि श्री डीएलीमा ने खुद को एक ""कार"" के रूप में देखा जो अपने बलों का उपयोग करना चाहता था यह साबित करने के लिए कि वह सरकार अपने स्वयं निर्णय पर प्रभाव डाल सकते हैं।","श्री गुंजा ने कहा, फ्रांसीसी समाचार विभाग, बुधवार को कि श्री डीएलीमा ने खुद को एक ""कार"" के रूप में देखा जो अपने बलों का उपयोग करना चाहता था यह साबित करने के लिए कि वह सरकार अपने ख़ुद के निर्णयों पर असर कर सकते हैं।",15.537080115436407,15.853019753800236,Noisy Channel
"After the robbery, the robbers left waving pistols.",लूटपाट के बाद बदमाश तमंचे लहराते हुए फरार हो गए।,"चोरी करने के बाद, डाकुओं ने भीड़ - भाड़ियों को छोड़ दिया ।","चोरी करने के बाद, डाकुओं ने भीड़ - भाड़ियों को छोड़ दिया ।",5.679677445135579,5.679677445135579,Tie
The state of the building can easily be assessed by these facts.,ऐसे में बिल्डिंग की स्थिति का अंदाजा सहज ही लगाया जा सकता है।,इमारत की हालत इन तथ्यों से आसानी से पता लगाया जा सकता है ।,इमारत की हालत इन तथ्यों से आसानी से पता लगाया जा सकता है ।,11.359354890271161,11.359354890271161,Tie
Trinamool Congress General Secretary Mukul Roy is excited about the leaders breaking away from other parties to join the Trinamool party.,तृणमूल कांग्रेस महासचिव मुकुल राय अन्य दलों से टूट कर नेताओं के तृणमूल में शामिल होने को लेकर उत्साहित हैं।,COmolalamauka जनरल kul रॉय के बारे में नेताओं के बारे में उत्साहित कर रहे हैं... ... Pholomol पार्टी में शामिल होने के लिए अन्य पार्टियों से भाग लेने के लिए.,COmolalamauka जनरल kul रॉय के बारे में नेताओं के बारे में उत्साहित कर रहे हैं... ... Plalol पार्टी में शामिल होने के लिए अन्य पार्टियों से भाग लेने के लिए.,5.558947744927456,5.558947744927456,Tie
"""Alex Turner has been diagnosed with laryngitis and is regrettably not able to perform.""","""जांच में एलेक्स टर्नर को कंठशोथ हुआ पाया गया, तथा वे प्रदर्शन करने में दुखद रूप से सक्षम नहीं हैं।""","""संयोगी रोग के साथ पता चला है और निश्चित रूप से करने में सक्षम नहीं है।""","""संयोगी रोग के साथ पता चला है और निश्चित रूप से करने में सक्षम नहीं है.""",6.0556363960709225,6.105217549222157,Noisy Channel
He will also examine whether or not the opinion of the legislators and Members of Parliament was taken into account when generating the list.,वे इस बात की भी जांच करेंगे कि सूची बनाने में विधायकों-सांसदों की राय ली गई है या नहीं।,"वह यह भी जाँच करेगा कि उस सूची को तैयार करते वक्‍त, अदालत के सदस्यों की राय क्या थी या नहीं ।",वह यह भी जाँच करेगा कि उस सूची को बनाते वक्‍त अदालत के सदस्यों की राय क्या थी या नहीं ।,4.334264033674369,4.780204393760627,Noisy Channel
Wallis Simpson may have been intersex.,हो सकता है कि वैलिस सिम्पसन इंटरसेक्स रहे हों।,यु. पू.,यु. पू.,0.0,0.0,Tie
"The US National Intelligence Estimate in February named France alongside Russia and Israel in a second tier of offenders who engage in hacking for economic intelligence, behind China, according to The Washington Post.","फ्रांस द वाशिंगटन पोस्ट के अनुसार फ़रवरी में अमेरिकी राष्ट्रीय खुफिया का नाम रूस और इसराइल के साथ चीन के पीछे जो आर्थिक आसूचना, लिए हैकिंग में संलग्न अपराधियों के एक दूसरे टीयर में नामित।","द वॉशिंगटन पोस्ट के मुताबिक, फ्रांस के साथ फ्रांस और इस्राएल के साथ - साथ फ्रांस के राष्ट्रीय विचारों का अनुमान लगाया गया है कि जो अपराधियों की दूसरी श्रेणी में रहते हैं, वे चीन के पीछे, आर्थिक बुद्धि के लिए काम करते हैं ।","द वॉशिंगटन पोस्ट के मुताबिक, फ्रांस के साथ फ्रांस और इस्राएल के साथ - साथ फ्रांस के राष्ट्रीय विचारों का अनुमान लगाया गया है ।",5.340950328090913,3.6604195472798384,Direct
"""Now Francis has selected these eight cardinals to help him,"" Valero said.","वैलेरो ने कहा, ""अभी फ्रांसिस ने अपनी सहायता करने के लिए इन आठ कार्डिनल्स को चुना है।""","""अब फ्रांसिस इन आठ कार्डिनलों को उसे मदद करने के लिए चुना है,"" वेरियो ने कहा.","""अब फ्रांसिस इन आठ कार्डिनलों को उसे मदद करने के लिए चुना है,"" वेरियो ने कहा।",12.92988268496189,12.023930397322173,Direct
Illinois is trying it on a limited basis with trucks.,इलिनोइस सीमित आधार पर ट्रकों के साथ आज़माइश कर रहा है।,यह ट्रकों के साथ एक सीमित आधार पर कोशिश कर रहा है.,यह ट्रकों से एक सीमित आधार पर कोशिश कर रहा है.,21.97281387499715,16.59038701421971,Direct
"Meanwhile, a 35-year-old Sri Lankan asylum seeker died of a suspected heart attack after arriving on an asylum boat at Christmas Island this week.","इस दौरान, 35 वर्षीय श्रीलंकाई शरण साधक, इस सप्ताह क्रिसमस आईसलैण्ड पर एक शरणार्थी नाव में आने के पश्चात संदिग्ध हृदयाघात से मर गया।","इस बीच, एक 35 साल का श्रीलंका शरण शरण चाहता है... ... एक संदिग्ध दिल के दौरे की मृत्यु हो गई इस सप्ताह क्रिसमस द्वीप पर एक बचाव नाव पर पहुँचने के बाद.","इस बीच, एक 35 साल का श्रीलंका शरण बंदरगाह इस सप्ताह क्रिसमस द्वीप पर एक शरण नाव पर आने के बाद संदेही दिल के दौरे की मृत्यु हो गई.",5.35230244729667,7.508325052934221,Noisy Channel
"Former News of the World editor Andy Coulson allegedly used ""phone hacking, surveillance and confrontation"" in an attempt to confirm a bogus tip about an affair involving then-home secretary Charles Clarke.","न्यूज ऑफ दि वर्ल्ड के भूतपूर्व संपादक एन्डी कॉल्सन पर आरोप लगाया गया है कि उन्होंने चार्ल्स क्लार्क के गृह सचिव रहने के समय उनके प्रणय सम्बन्धों के बारे में एक तथाकथित गुप्त सूचना की पुष्टि करने के प्रयास में ""फोन हैकिंग, निगरानी तथा आमना-सामना"" का प्रयोग किया।","विश्व संपादक के पूर्व समाचार एंडी कोल ने ""फोनिंग, निगरानी और संघर्ष"" का प्रयोग किया है। एक प्रयास में एक षक को स्थापित करने की कोशिश में एक षक के बारे में बात कर रहा है।","विश्व संपादक के पूर्व समाचार एंडी कोल ने ""फोनिंग, निगरानी और संघर्ष"" का प्रयोग किया है। एक प्रयास में एक षक को स्थापित करने की कोशिश में एक षक के बारे में बात कर रहा है...",6.380244578949512,6.584672822375589,Noisy Channel
We have already informed you that Asaram is the owner of more than 400 Ashrams.,यह तो हम आपको पहले ही बता चुके हैं कि आसाराम 400 से भी अधिक आश्रमों के मालिक हैं।,हम पहले ही आपको बता चुके हैं कि आसाराम 400 से भी ज़्यादा अश्‍शूर का स्वामी है ।,हम पहले ही आपको बता चुके हैं कि आसाराम 400 से भी ज़्यादा अश्‍शूर का मालिक है ।,42.095675571314295,42.94652316126124,Noisy Channel
Planes modified for Wi-Fi systems are also more resistant to interference.,वाई-फाई सिस्टम के लिए संशोधित किए गए विमान भी व्यवधान के प्रति अधिक प्रतिरोधी हैं।,V-Fi तंत्रों के लिए संशोधित भी हस्तक्षेप करने के लिए अधिक विरोध कर रहे हैं।,V-Fi सिस्टम के लिए संशोधित भी हस्तक्षेप के लिए अधिक विरोध कर रहे हैं.,12.090340630072072,18.92240568795936,Noisy Channel
Chadvir Hooda said that because of the appeal of the Chief Minister activists are very excited about this rally and this rally will be the biggest amongst all the rallies so far and this will put Haryana politics on the map in the entire country.,चादवीर हुड्डा ने कहा कि मुख्यमंत्री के आह्वान पर पार्टी कार्यकर्ताओं में इस रैली को लेकर काफी उत्साह है और यह रैली अब तक की सभी रैलियों से सशक्त होगी और इससे हरियाणा की राजनीति का कद भी पूरे देश में ऊंचा होगा।,Carvivira ने कहा कि मुख्य मंत्री कार्यकर्ता की अपील के कारण इस दल के बारे में बहुत उत्साहित हैं और यह दल अब तक सभी सहवासों में सबसे बड़ा होगा और इस नक्शा पर नक्शा डाल दिया जाएगा।,Carvivira ने कहा कि मुख्य मंत्री कार्यकर्ता की अपील के कारण इस दल के बारे में बहुत उत्साहित हैं और यह दल अब तक सभी सहवासों में सबसे बड़ा होगा और यह हरिना राजनीति को पूरे देश में नक्शा पर डाल देगा।,5.624026216043597,7.8812740948960585,Noisy Channel
"So, a 1,000 mile Frontier trip purchased from an online travel agency would earn 250 miles.","तो, एक ऑनलाइन ट्रैवल एजेंसी से खरीदी गई एक 1000 मील Frontier ट्रिप 250 मील की दूरी अर्जित करेगा.","तो, एक ऑनलाइन यात्रा विभाग से प्राप्त १,००० मील की यात्रा से २,००० मील की कमाई होगी ।","तो, एक ऑनलाइन यात्रा विभाग से प्राप्त १,००० मील की यात्रा से २,००० मील की कमाई होगी.",13.173313935288004,13.566979610140004,Noisy Channel
"Johnson, who had been performing well until now in the series, has been sent home to prepare for the Ashes series.",सीरीज में अब तक शानदार प्रदर्शन करने वाले जॉनसन को एशेज सीरीज की तैयारियों के लिए स्वदेश भेज दिया गया है।,"जॉनसन, जो अब तक अच्छी तरह काम कर रहा था, अश्‍लील लेखों के लिए तैयारी करने के लिए घर भेज दिया गया है ।","जॉनसन, जो अब तक अच्छी तरह काम कर रहा था, अश्‍लील श्रृंखला के लिए तैयारी करने के लिए घर भेज दिया गया है ।",8.415986258156725,8.415986258156725,Tie
"Similarly, in basketball Sonipat was first, Rohtak second, and Kurukshetra took third place.","इसी प्रकार बास्केटबॉल में सोनीपत पहले, रोहतक दूसरे और कुरूक्षेत्र तीसरे स्थान पर रहा।","उसी तरह, पहली बार बास्केट में, रोफेक दूसरा, और कोकूकी ने तीसरी जगह ली ।","उसी तरह, पहली बार बास्केट में, रोफेक दूसरा, और कोकूशी तीसरी जगह पर था ।",2.8265205879007453,3.0372940354383413,Noisy Channel
"The municipal corporation officers have been talking about shifting the dump to the village of Jhuriwala for the past several years now, but the inhabitants of the Barwala area are already facing a serious problem with flies.","नगर निगम के अधिकारी पिछले कई वर्षाें से गाव झूरीवाला में डपिंग ग्राउंड को शिफ्ट करने की बात कर रहे हैं, लेकिन बरवाला क्षेत्र के लोग तो पहले ही मक्खियों की गंभीर समस्या से दो-चार हो रहे है।",इस इलाके के निवासी पहले से ही मक्खियों के साथ गंभीर समस्या का सामना कर रहे हैं ।,इस इलाके के निवासी पहले से ही मक्खियों की गंभीर समस्या का सामना कर रहे हैं ।,4.096807968985152,8.500280905044189,Noisy Channel
"This year\'s event includes appearances by Wanda Sykes, Kathy Griffin, and Bill Maher, as well as ""Stand Up for Heroes,"" an annual music-and-comedy benefit for military veterans, at Madison Square Garden, featuring, among others, Bruce Springsteen, Jon Stewart, Roger Waters, and Bill Cosby.","इस वर्ष के कार्यक्रम में शामिल है, वैन्डा साइक्स, कैथी ग्रिफिन तथा बिल मैहर की मौजूदगी, साथ ही मैडिसन स्क्वॉयर गार्डन में सैन्य सेवानिवृत्त व्यक्तियों के लिए वार्षिक संगीत और कॉमेडी लाभ, ""स्टैन्ड अप फॉर हीरोज"" जिसमें ब्रूस स्प्रिंगस्टीन, जॉन स्टूवर्ट, रोजर वॉटर्स, और बिल कॉस्बी समेत अन्य कलाकार शामिल हुए।","इस वर्ष\ की घटना में एडीस सिकेस, केस ग्रिफिन, और बिल महल के द्वारा रूप सम्मिलित है, और साथ ही ""हेरोज़ के लिए खड़े हो जाओ,"" एक वार्षिक संगीत और कॉमी का लाभ उठाना, मादी शास्ट्सन गार्डन में, अन्य लोगों के बीच छाया, ब्रूस्सन, जॉन्सिलेस, जॉन्सिल्स, और बिल्स.","इस वर्ष\ की घटना में एडीस सिकेस, केस ग्रिफिन, और बिल महल के द्वारा रूप शामिल होते हैं, साथ ही ""हेरोज़ के लिए खड़े हो जाओ,"" एक वार्षिक संगीत और कॉमी का लाभ उठाना, मादी शास्ट्सन गार्डन में, अन्य लोगों के बीच, ब्रूस्सन, जॉन्सन, बस्सिल्स, और बिल्सन.",6.822103483022104,7.6768320882092755,Noisy Channel
They look for good teamwork between the pony and the handler - Fenton and Toffee were the best in the ring.,उन्होंने टट्टू तथा उसके सवार के बीच अच्छा टीम कार्य देखा - इस मामले में फेन्टन और टॉफी रिंग में सर्वश्रेष्ठ थे।,वे पोनी और हैंडलर - फ़्यून के बीच अच्छी टीम कार्य की तलाश करते हैं और तोप में सबसे अच्छा था।,वे पोनी और हैंडलर - फ़्यून के बीच अच्छी टीम कार्य की तलाश करते हैं और तोप में सबसे अच्छा था.,5.824490753999933,5.809665204409192,Direct
"He gives his life to this organization, and his desire to help the Cameroon people is everlasting.","वे इस संगठन के लिए अपना जीवन देते हैं, तथा कैमरून के लोगों की सहायता करने की उनकी इच्छा कभी समाप्त नहीं होने वाली है।","वह इस संगठन को अपना जीवन देता है, और कैमरून के लोगों की मदद करने की उसकी इच्छा अनन्त है ।",वह कैमरून के लोगों की मदद करना चाहता है ।,14.10982401057591,5.303639607699455,Direct
He said it is also important to give children religious instruction along with worldly education for the unity and integrity of the country.,उन्होंने कहा कि देश की एकता व अखंडता के लिए बच्चों को सांसारिक शिक्षा सहित धार्मिक शिक्षा देना भी जरूरी है।,उसने कहा कि बच्चों को धार्मिक शिक्षा देना और देश की एकता और खराई के लिए सांसारिक शिक्षा देना भी महत्त्वपूर्ण है ।,उसने कहा कि बच्चों को धार्मिक शिक्षा देना और देश की एकता और खराई के लिए सांसारिक शिक्षा देना भी ज़रूरी है ।,17.569374699826113,17.569374699826113,Tie
"The formerly super secretive NSA, once nicknamed No Such Agency, has found itself in very public light, and amid vicious criticism, in past months following a stream of revelations about is vast foreign and domestic surveillance programs - collectively the product of secret NSA files stolen from the agency and leaked by disenchanted former NSA contractor Edward Snowden.","भूतपूर्व अत्यधिक रहस्यपूर्ण एन.एस.ए., जिसे कभी ""ऐसी कोई एजेन्सी नहीं"" का नाम दिया गया था, पिछले महीनों में बहुत अधिक मात्रा में विदेशी और घरेलू जासूसी कार्यक्रमों की घटनाओं के सामने आने से आम लोगों के बीच में चर्चा तथा कटु आलोचना का विषय बन गई है - जो सामूहिक रूप से विरक्त हुए भूतपूर्व एन.एस.ए. अनुबंधकर्ता एडवर्ड स्नोडेन द्वारा गुप्त एन.एस.ए. फाइलों को एजेन्सी से चुराए जाने तथा रहस्योद्धाटन के पश्चात हुआ।","पिछले महीनों में, बहुत से विदेशी और घरेलू निगरानी कार्यक्रमों के बारे में एक धारा के बाद, गुप्त NASIA फ़ाइलों के उत्पादों को सामूहिक रूप से चोरी कर दिया है और भूतपूर्व भूतपूर्व भूतपूर्व ASAsssssserverns द्वारा भूतपूर्व सोवियत संघ.","पिछले महीनों में, बहुत से विदेशी और घरेलू निगरानी कार्यक्रमों की एक धारा के बाद, गुप्त NASIA फ़ाइलों के उत्पादों को सामूहिक रूप से मुक्‍त किया गया है और भूतपूर्व भूतपूर्व भूतपूर्व ASASAsssserverns द्वारा चोरी.",2.9376313049934266,2.6640234543851884,Direct
"I voted for President Obama twice, sharing hope in possibility of change",मैने बदलाव की अपेक्षा में ओबामा को दो बार मतदान दिया,"मैं राष्ट्रपति ओबमा के लिए दो बार वोट दिया, परिवर्तन की संभावना में साझा","मैं राष्ट्रपति ओबामा के लिए दो बार वोट दिया, परिवर्तन की संभावना में साझा",6.608973813188645,6.917184228205472,Noisy Channel
"The exam will also feature ""unseen texts"" to encourage wider reading;","अधिक से अधिक पढ़ने को प्रोत्साहित करने के लिए परीक्षा में ""नहीं देखा हुआ पाठ"" भी शामिल होगा ।","परीक्षा भी विस्तृत पठन को बढ़ावा देने के लिए ""पूर्ण पाठ"" विशेषता होगी;","परीक्षा विस्तृत पठन को बढ़ावा देने के लिए ""पूर्ण पाठ"" भी विशेषता होगी",6.018244337658906,9.273454500575381,Noisy Channel
"But depressed and knowing something was wrong, he demanded medical records.","लेकिन अवसादग्रस्त तथा कुछ गड़बड़ महसूस करते हुए, उसने चिकित्सकीय अभिलेखों की मांग की।","लेकिन हताश और किसी बात को जानते हुए, उसने चिकित्सीय अभिलेखों की माँग की ।","लेकिन हताश और कुछ गलत बात जानने के बाद, उसने चिकित्सीय रिकॉर्ड माँग की ।",11.980914528565991,6.150343144231885,Direct
During the investigation of this group it was revealed that this businessman had deducted the TDS but had not paid it in.,इसी कड़ी की जांच में पता चला था कि इस व्यापारी ने टीडीएस तो काटा है लेकिन जमा नहीं कराया।,इस समूह की जाँच के दौरान यह प्रकट किया गया कि इस व्यापारी ने टी.,इस समूह की जांच के दौरान यह प्रकट किया गया कि इस व्यापारी ने टी.,12.607704921829502,14.179666986700974,Noisy Channel
All the guests will join the Lakshmi Puja for the birthday party on Friday.,शुक्रवार को सभी मेहमान यहां जन्मदिन पर लक्ष्मी पूजा के लिए जुटेंगे।,सभी मेहमान शुक्रवार को जन्मदिन की पार्टी के लिए लाशौजी मे शामिल होंगे.,सभी मेहमान शुक्रवार को जन्मदिन की पार्टी के लिए लाशौजी मे शामिल होंगे.,10.224003680109194,10.224003680109194,Tie
"So now they have decided to plan residential projects beyond Jhunsi in the east, Fafamau in the north, and beyond Naini in the South.","ऐसे में उसे अब पूरब की तरफ झूंसी से आगे, उत्तर दिशा में फाफामऊ और दक्षिण दिशा में नैनी से आगे की तरफ आवासीय प्लान करने का मंसूबा बना लिया है।","इसलिए अब उन्होंने पूर्व, उत्तर में फूरोआ, और दक्षिण में नाईनी के पारे के अलावा राज - गृह परियोजनाओं की योजना बनाने का निर्णय किया है ।","इसलिए अब उन्होंने पूर्व, उत्तर में फूरोआ, और दक्षिण में नाईनी के पारे के अलावा राज - घर योजना बनाने का फैसला किया है ।",4.019252853959106,3.8789171558193365,Direct
"It cannot justify the findings of a report that says the White House\'s efforts to silence the media are the ""most aggressive ... since the Nixon Administration.""","यह उस रिपोर्ट के निष्कर्षों का उत्तर नहीं दे सकती है, जिसका कहना है कि व्हाइट हाउस द्वारा मीडियो को चुप कराने के प्रयास ""निक्सन प्रशासन के बाद से अब तक सबसे आक्रामक रहे हैं।""","यह एक रिपोर्ट की खोज को सही नहीं कर सकता है कि व्हाइट हाउस कहते हैं\ के मीडिया को चुप करने के प्रयास ""सबसे कठोर... नक्सन प्रशासन"" हैं।","यह एक रिपोर्ट की खोज को सही नहीं कर सकता है कि व्हाइट हाउस कहते हैं\ के मीडिया को चुप करने के प्रयास ""सबसे कठोर... नक्सन प्रशासन"" हैं.",11.447502733224487,11.293281684510642,Direct
"Clearly, Modi was referring to Sibal, who had told journalists in Delhi that Modi wants to create an environment where he is in control, where he gives his speeches and he does not talk to journalists in order to avoid their questions.","स्पष्ट रूप से मोदी, सिब्बल को जवाब दे रहे थे जिन्होंने दिल्ली में संवाददाताओं से कहा कि मोदी अपने नियंत्रण वाला माहौल चाहते हैं जहां वह अपना भाषण देते हैं और पत्रकारों से सवालों से बचने के लिए उनसे बात नहीं करते।","इससे साफ पता चलता है कि मोदी ने दिल्ली के पत्रकारों से कहा था कि मोडी एक ऐसा वातावरण बनाना चाहता है जहाँ वह नियंत्रण में रहता है, जहाँ वह अपने भाषण देता है और पत्रकारों से उनके प्रश्‍नों से बचने के लिए बात नहीं करता ।",इससे साफ पता चलता है कि मोदी ने दिल्ली के पत्रकारों से कहा था कि मोडी एक ऐसा वातावरण बनाना चाहता है जहाँ वह अपने भाषण देता है और पत्रकारों से बात नहीं करता ।,10.06892136454607,5.780254773632967,Direct
Megha Singh and Priti Kaushik conducted the function.,संचालन मेघा सिंह व प्रीति कौशिक ने किया।,जया सिंह और प्राशिक कांश ने इस समारोह को संचालित किया।,जया सिंह और प्राशिक कांश ने इस समारोह को चलाया ।,4.9323515694897075,4.456882760699063,Direct
"Meanwhile, questions are being raised about the urn procession undertaken by the BJP, carrying the ashes of the people who died in the blasts.","इस बीच, पटना धमाके में मारे गए लोगों को लेकर निकाली गई बीजेपी की अस्थि कलश यात्रा पर भी सवाल उठने लगे हैं।","इस बीच, बीपी द्वारा किए गए यूपी के बारे में प्रश्‍न उठाए जा रहे हैं, और जो लोग विस्फोटों में मारे गए उनकी राख उठाए जा रहे हैं ।","इस बीच, बीपी द्वारा किए गए यूपी के उत्सव के बारे में प्रश्‍न उठाए जा रहे हैं ।",7.508325052934221,6.581209667722547,Direct
"The election turned out to be a landslide, and news anchors paused to reflect on the historic nature of the hour.","चुनाव एकतरफ साबित हुए, तथा समाचार वक्ताओं ने उस समय की ऐतिहासिक महत्व को दर्शाने के लिए विराम लिया था।","चुनावों ने एक भू - दृश्‍य साबित किया, और समाचार लंगर को उस घड़ी के ऐतिहासिक स्वरूप पर विचार करने के लिए ठहरा हुआ ।","चुनावों से एक भू - लंगर निकला, और समाचार लंगरों ने उस घड़ी के ऐतिहासिक स्वभाव पर विचार करने के लिए ठहरा दिया ।",4.207993129078362,4.899864500847875,Noisy Channel
I can only shut my eyes and slowly open them again...,मैं केवल मेरी आँखें बंद कर सकता हू और धीरे से उन्हें फिर खोलें...,मैं केवल मेरी आँखें बंद कर सकते हैं और धीरे धीरे से उन्हें खोल सकते हैं...,मैं केवल मेरी आँखें बंद कर सकते हैं और धीरे धीरे से उन्हें खोल सकते हैं...,39.824947488393164,39.824947488393164,Tie
"German MP Hans-Christian Ströbele on Thursday met Mr Snowden in Russia, where he has been granted asylum, to discuss him testifying in Germany.","जर्मन एम.पी. हंस क्रिश्चियन स्ट्रॉ बेले, ने रूस में श्री स्नो डेन सेगुरुवार को  मुलाकात की, जहां  उसे जर्मनी में गवाही के बारे में बात करने के लिए, शरण दे दी गई है.","जर्मन एमपीUN-SUlare गुरुवार पर श्री स्नोden मिले, जहां उसे जर्मनी में गवाही देने के लिए शरण दी गई है.","जर्मन MPUNUN-SUlare गुरुवार पर श्री स्नोडन से मिले, जहाँ उसे शरण दी गई है, ताकि जर्मनी में गवाही दे सके.",15.681380785387876,6.08410619319827,Direct
"""They believe that it defies logic, the laws of physics as well as common sense,"" Crump said.","क्रम्प ने कहा कि ""उनका मानना है कि यह बात शारीरिक नियम एवं सामान्य बुद्धि के तर्क से परे है।""","""वे मानते हैं कि यह तर्क विरोध करता है, भौतिक और सामान्य अर्थ के नियम,"" Cuck ने कहा.","""वे मानते हैं कि यह तर्क विरोध करता है, भौतिक और सामान्य अर्थ के नियम,"" Cuck ने कहा.",5.997679046248611,5.997679046248611,Tie
Councillors accused Dukpa of turning up at the function without an invitation.,पार्षदों ने डुक्पा को बिना आमंत्रण के समारोह में आने का आरोप लगाया।,परिषद्‌ ने बिना निमंत्रण के समारोह में परिवर्तन करने का आरोप लगाया ।,परिषद्‌ ने बिना निमंत्रण के इस समारोह में भाग लेने का आरोप लगाया।,15.727800941615351,16.26170171519489,Noisy Channel
The ADC said that the players will have to demonstrate their skills and exercise discipline to strengthen their abilities with hard work. Only then could they prove their mettle in the future and bring glory to the country and their states.,एडीसी ने कहा कि खिलाड़ियों को अपनी प्रतिभा को और अधिक निखारने के लिए अनुशासन का परिचय देते हुए कड़ी मेहनत करनी होगी तभी वे भविष्य में अपनी खेल प्रतिभा का लोहा मनवा पाएंगे और देश व प्रदेश का नाम रोशन करेंगे।,एडिसी ने कहा कि खिलाड़ियों को अपने कौशल को प्रदर्शित करना और कड़ी मेहनत के साथ अपनी क्षमताओं को मज़बूत करने के लिए अनुशासन देना होगा ।,एडिसी ने कहा कि खिलाड़ियों को अपने कौशल को प्रदर्शित करना और कड़ी मेहनत से अपनी क्षमताओं को मज़बूत करने के लिए अनुशासन देना होगा ।,11.698657921628982,11.46995181715086,Direct
"""Let me say directly to these Americans: you deserve better,"" Sebelius said in testimony before the House Energy and Commerce Committee in Washington.","वांशिगटन में गृह ऊर्जा एवं वाणिज्य समिति के समक्ष एक कथन में सेबेलियस ने कहा कि ""मैं इन अमेरिकी नागरिकों को सीधे बताती हूँ\'\' आप इससे बेहतर के हकदार हैं।""","""मुझे इन लोगों से सीधे कहना है: तुम बेहतर हो,"" सेबेलियस ने वॉशिंगटन में ऊर्जा और कॉमिस समिति के पहले गवाही में कहा।","""मुझे इन आदिवासियों को सीधे ही कहना है: तुम बेहतर हो,"" सेबेलियस ने वॉशिंगटन में ऊर्जा और कॉमिस समिति के पहले गवाही में कहा.",3.701633319734583,4.32749762281423,Noisy Channel
They asked some subjects to count the number of dots on a computer screen.,उन्होंने कुछ लोगों से कंप्यूटर स्क्रीन पर बिंदुओं की संख्या बताने को कहा।,उन्होंने कुछ विषयों से पूछा कि कंप्यूटर स्क्रीन पर बिन्दुओं की संख्या गिनें.,उन्होंने कुछ विषयों से पूछा कि कंप्यूटर स्क्रीन पर बिन्दुओं की संख्या गिनें.,16.06455374563062,16.06455374563062,Tie
Gender nonconforming boys now have special camp.,अब गैर-अनुरूप लिंग वाले लड़कों के लिए विशेष शिविर होते हैं।,अब लड़कों के पास विशेष शिविर है.,अब लड़कों को विशेष कैम्प है.,11.35114710927891,4.880869806051147,Direct
Frontier Airlines plans to charge up to $100 for passengers to store carry-on luggage on board their flight.,Frontier एयरलाइंस में अपने विमान बोर्ड पर यात्रियों के लिए सामान कैरी - ऑन स्टोर करने के लिए $ 100 चार्ज करने की योजना है.,Carglance विमानों के लिए $ 100 करने की योजना उनके उड़ान पर सामान जमा करने के लिए।,यात्रियों के लिए 100 डॉलर लेने की योजना... उनके उड़ान में सामान लेने के लिए.,14.290539997302986,8.579336211297584,Direct
"How the back of the plane is laid out - particularly whether seating is 9 or 10 abreast - is central to the economic performance claims being made for new ""mini-jumbo"" jet designs.",विमान का पिछला विभाग कैसे बनाया गया है- विशेष रूप से कि क्या सीटिंग 9 या 10 बराबर है अधिक क्षमता के दावो  को ध्यान मे रखते हुए  मिनी जंबो जेट्स के डिज़ाइन तैयार किए जा रहे है?,"कैसे विमान की पीठ बाहर रखा जाता है - विशेष रूप से है कि क्या बैठने 9 या 10 है - आर्थिक प्रदर्शन के लिए केंद्र है नए ""माइम्बो"" जेट विमानों के लिए बनाया जा रहा है।","कैसे विमान की पीठ बाहर रखा जाता है - विशेष रूप से है कि क्या बैठने 9 या 10 है - आर्थिक प्रदर्शन के लिए केंद्र है नए ""माइम-मिबो"" चक्र के लिए बनाया जा रहा है.",7.978741405529227,7.978741405529227,Tie
"At the same time, they would take out loans against these counterfeit documents.","वहीं, इन जाली कागजात पर लोन ले लेते थे।","साथ ही, वे इन नक़ली दस्तावेज़ों के विरुद्ध ऋण लेते ।","साथ ही, वे इन नक़ली दस्तावेज़ों के खिलाफ ऋण लेते ।",4.456882760699063,4.456882760699063,Tie
The appeals court heard arguments Tuesday on the requested stay.,अपील अदालत ने अनुरोध प्रवास पर मंगलवार को दलीलें सुनी.,अनुरोध पर अपील कोर्ट ने मंगलवार तर्क सुना.,आकर्षक अदालत ने अनुरोध पर मंगलवार तर्क सुना.,5.974994192843766,18.70274255449444,Noisy Channel
"Crispy Pea Rolls, Surti Plaza, Barsa Dola, Hariwali Patra, Jodhpuri Pakaros, Dakor na Gota nu Chat and Lilava Kachori will be awaiting you in the Special Diwali Thali.","इस बार की स्पेशल दीवाली थाली में आपको मटर खस्ता रोल, सूरती प्लाजा, बारसा डोला, हरी वाली पात्रा, जोधपुरी पकोड़ा, डकोर ना गोटा नू चाट और लीलवा कचौरी आप का खास तौर पर इतजार कर रहे है।","Scippppophs, Scutio, Hiwolial, जोर पाका पारोरोस, Daka Nu चैट और Lolapapapy में आप का इंतज़ार किया जाएगा विशेष Dadyyyyyyy.","Scipphat Pioliol, Hiwolial, जोर पाका पारोस, Daka Nu चैट और Lolapapy में आप का इंतजार किया जाएगा विशेष Dayyyyyyyyy.",2.1020056316725406,1.97190984219846,Direct
It is noteworthy that the documents released by the former CIA employee Edward Snowden made the actions of the NSA public.,गौरतलब है कि पूर्व सीआइए कर्मचारी एडवर्ड स्नोडेन द्वारा जारी किए गए दस्तावेजों से एनएसए की करतूतों से पर्दा हटा।,यह बात गौर करने लायक है कि भूतपूर्व ईमानी कर्मचारी एडवर्ड हिटलर द्वारा रिलीज़ किए गए दस्तावेज़ों ने एनएएसएएस जन के कार्य किए ।,यह बात गौर करने लायक है कि भूतपूर्व ईमानी कर्मचारी एडवर्ड हिटलर द्वारा रिलीज़ किए गए दस्तावेज़ों ने एनएएसएएस जन के कार्य किए।,5.6641802272004975,5.928330061638001,Noisy Channel
"""I am as frustrated and angry as anyone,"" she said.","उन्होंने कहा कि ""मैं भी अन्य लोगों की तरह ही निराश तथा क्रोधित हूँ""।","""मैं किसी के रूप में निराश और क्रोधित हूँ,"" उसने कहा.","""मैं किसी के रूप में निराश और क्रोधित हूँ,"" वह कहा.",7.4819983481310155,7.4819983481310155,Tie
"""He does not want multi-party democracy, he does not want transparent elections he does not want peace because he does not want to leave the presidency,"" Mr Mazanga said.","""वह बहुदलीय लोकतंत्र नहीं चाहता है,  वह राष्ट्रपतित्व को छोड़नानहीं चाहता है क्योंकि वह शांति नहीं चाहता है पारदर्शी चुनाव नहीं चाहता है, ""श्री माझांग   ने कहा..","""वह बहुरंग लोकतंत्र नहीं चाहता, वह पारदर्शी चुनाव नहीं चाहता कि वह शांति नहीं चाहता है क्योंकि वह राष्ट्रपति पद को छोड़ना नहीं चाहता,"" श्री माजिया ने कहा.","""वह बहुरंग लोकतंत्र नहीं चाहता, वह पारदर्शी चुनाव नहीं चाहता कि वह शांति नहीं चाहता है क्योंकि वह राष्ट्रपति पद को छोड़ना नहीं चाहता,"" श्री मैजिया ने कहा.",36.272334987218656,36.272334987218656,Tie
The program started with the National Anthem and the lighting of the lamp by all the guests.,कार्यक्रम का शुभारंभ राष्ट्रगान और सभी अतिथियों के करकमलों से दीप प्रज्वलित कर किया गया।,कार्यक्रम राष्ट्रीय एनीकी के साथ शुरू हुआ और सभी मेहमानों ने दीपक की रोशनी शुरू की ।,कार्यक्रम राष्ट्रीय एनीकी के साथ शुरु हुआ और सभी मेहमानों द्वारा दीपक का प्रकाश.,5.439330544349821,6.608973813188645,Noisy Channel
His family had accused his friends because his mobile and other luggage was missing.,उसके परिजनों ने उसके दोस्तों पर उसकी हत्या का आरोप लगाया था क्योंकि उसका मोबाईल व अन्य सामान लापता था।,उसके परिवार ने अपने दोस्तों पर आरोप लगाया था क्योंकि उसका मोबाइल और दूसरा सामान गायब था ।,उसके परिवार ने अपने दोस्तों पर आरोप लगाया था कि उसका मोबाइल और दूसरा सामान गायब है ।,22.622583725445715,10.419462900243012,Direct
"Every shop, large and small, was crowded.",हर छोटी बड़ी दुकान में भीड़ भी इसी प्रकार लगी रही।,"हर दुकान, बड़े - बड़े, भीड़ - भाड़वाले थे ।","हर दुकान, बड़ी - बड़ी और छोटी थी ।",4.456882760699063,5.369488567517933,Noisy Channel
"Today at Liverpool Crown Court Ditta, who works at law firm Forbes Solicitors, based in Blackburn, was facing disgrace after being found guilty of two counts of perverting the course of justice following a three week trial at Liverpool Crown Court.","ब्लैकबनर्ड में स्थिति क़ानून फर्म फ़ोर्ब्स सॉलिसिटर्स में कार्यरत डिट्टा, लिवरपूल क्राउन कोर्ट में तीन सप्ताह तक चले ट्रायल के पश्चात न्याय के मार्ग को बाधित करने के दो मामलों में दोषी पाए जाने के पश्चात आज लिवरपूल क्राउन कोर्ट में अपयश का सामना कर रहा था।","लेकिन, यहोवा के साक्षियों के बारे में क्या कहा जा सकता है?","लेकिन, यहोवा के साक्षियों के बारे में क्या?",0.35407356540523194,0.1327526927312144,Direct
Large crowds gathered in shops on all the three auspicious times in Simla and the suburbs.,उक्त तीनों मुहुर्त के समय शिमला सहित उपनगरों में लोगों की अधिक भीड़ अधिक खरीददारी के लिए उमड़ी।,सीला और उपनगरों में तीन बार दुकानों पर बड़ी भीड़ इकट्ठी हुई ।,सीला और उपनगरों में तीन बार दुकानों पर बड़ी भीड़ जमा हुई ।,4.654169082794504,4.654169082794504,Tie
He remains in breach of his bail conditions.,वह अपनी जमानत की शर्तों के उल्लंघन में हैं।,उन्होंने कहा कि अपने जमा किए गए हालात के उल्लंघन में रहता है।,उन्होंने कहा कि अपने ऋणी परिस्थितियों के उल्लंघन में रहता है।,11.498759556447217,13.950796967929138,Noisy Channel
"Options include upgraded brakes, a service package providing access to Bowler Works mechanics, logistic support, and vehicle storage between events.","इसके विकल्पों में शामिल हैं - अपग्रेड किए गए ब्रेक, सर्विस पैकेज जो बॉलर वर्क्स मैकेनिक्स, लॉजिस्टिक सहायता, तथा ईवेंट के बीच वाहन संग्रह तक पहुंच प्रदान करता है।","इसके अलावा, कुछ देशों में भी ऐसा ही किया जाता है ।","इसके अलावा, कुछ देशों में भी ऐसा ही हुआ है ।",0.9426878515941441,0.8417964182033725,Direct
"The student volunteers usually pay their own way to Cameroon, often arriving with donated medical supplies.","स्वयंसेवी विद्यार्थी कैमरून पहुंचने के लिए आम तौर पर अपने पास से व्यय करते हैं, और वे अकसर दान की चिकित्सा आपूर्तियों के साथ आते हैं।",विद्यार्थी स्वयंसेवक अकसर कैमरून जाते हैं ।,विद्यार्थी स्वयंसेवक अकसर कैमरून आते हैं ।,0.5334071169690752,0.5640093571977797,Noisy Channel
"It is possibly the first time in the state that this type of fraud, worth crores of rupees, has been discovered and exposed.",संभवतः प्रदेश में पहली बार हुए इस तरह के खुलासे में करोड़ों रुपए की ठगी की बात सामने आई है।,"शायद यह राज्य में पहली बार है कि इस प्रकार के धोखाधड़ी, रुपये के योग्य धन - दौलत के योग्य, खोज निकाला गया है और उसका परदाफ़ाश किया गया है ।","संभवतः यह राज्य में पहली बार है कि इस प्रकार के धोखाधड़ी, रुपये के योग्य धन - दौलत के योग्य, खोज निकाला गया है और जुड़ा हुआ है ।",4.750133160738243,5.30918756028263,Noisy Channel
This 40 year super model looked like an 80 or 90 year old and at the event she was wearing a skirt suit and it would not be wrong to say that her face and expression really looked old.,40 साल की ये सुपर मॉडल 80-90 की नजर आ रही थी और इस मौके पर उन्होंने स्कर्ट सूट कॉस्ट्यूम पहन रखी थी और उनके चेहरे व हाव भाव से बुढ़ापा टपक रहा था ऐसा कहा जाए तो गलत नहीं होगा।,इस 40 साल का सुपरतम मॉडल एक 80 या 90 साल का था ।,इस 40 साल का सुपरतम मॉडल एक 80 या 90 साल का था ।,0.978882772199129,0.978882772199129,Tie
"More than 100 NGOs, along with the Executive Management committee of the Mahabodhi Temple, declared a World Heritage centre, were sent notices by the Department.",विश्वदाय धरोहर घोषित महाबोधि मंदिर के प्रबंधकारिणी समिति सहित करीब 100 से अधिक स्वयंसेवी संस्थाओं को विभाग की ओर से नोटिस निर्गत किया गया है।,सन्‌ 100 से भी ज़्यादा लोगों ने इस विभाग के ज़रिए एक विश्‍व विरासत केंद्र का ऐलान किया ।,सन्‌ 100 से भी ज़्यादा लोगों ने इस विभाग के ज़रिए एक विश्‍व विरासत केंद्र का ऐलान किया ।,3.7125783346654475,3.7125783346654475,Tie
"He conceded the YMCA\'s opening statement to the commission was also inaccurate in claiming ""there have been external audits of the YMCA that have recognised the YMCA as being at the forefront of child safety.""","उन्होंने यह भी स्वीकार किया कि आयोग के समक्ष वाई.एम.सी.ए. का यह कथन कि ""वाई.एम.सी.ए. की बाहरी जांच करवाईं गई है तथा उन्होंने वाई.एम.सी.ए. को बाल सुरक्षा के मामले में सबसे आगे पाया है"" भी सटीक नहीं है।","उन्होंने YMCOT का पहला कथन स्वीकार किया\ यह दावा करने में भी गलत था ""वहाँ YMCA की एक बाहरी थी कि पता चला है कि YMA को सुरक्षित बच्चे के सामने किया जा रहा है।",उन्होंने YMCAT का पहला कथन भी स्वीकार किया।,1.7787806983061765,0.0184264528958747,Direct
"Cameron Doerksen, an analyst with National Bank Financial, lowered his rating to ""sector perform"" from ""outperform"" on Thursday with the view that the stock has limited upside over the next one or two quarters.","कैमरून डोरसेन, नेशनल बैंक फाइनेंशियल के साथ एक विश्लेषक शेयर ने गुरुवार को ""मात"" से ""क्षेत्र प्रदर्शन"" के लिए अपनी रेटिंग घटा दी थी स्टॉक अगले एक से या दो तिमाहियों के दौरान ऊपर है सीमित है.","कैमरून डॉक्सन ने नैशनल बैंक वित्तीय के साथ एक सर्वे लिया, अपने रेटिंग से ""बाहर से"" गुरुवार के विचार के साथ कि काठ अगले एक या दो जगहों पर सीमित है।","कैमरून डॉक्सन ने नैशनल बैंक वित्तीय के साथ एक सर्वे लिया, अपने रेटिंग से ""बाहर तक"" गुरुवार के विचार के साथ कि शेयर में सीमित है।",6.282840936744429,4.9707293847642715,Direct
"Since no appropriate arrangements were made there, the Deputy commissioner was fined ten lakh Rupees.",वहां उचित प्रबंध न होने के कारण अमृतसर के डिप्टी कमिश्नर को दस लाख रुपये का जुर्माना भी ठोका।,"चूँकि वहाँ कोई उपयुक्‍त प्रबन्ध नहीं किया गया था, द डिजिटरी नियुक्‍ति - नियुक्‍ति दस रुपये की थी ।","चूँकि वहाँ कोई उपयुक्‍त व्यवस्था नहीं की गयी थी, द डिफ्रेक्टी नियुक्‍ति दस रुपये की थी ।",2.276859592073037,2.416027466056967,Noisy Channel
"The responsibility of investigating the VIP sectors of the city along with the markets, malls, etc. has been assigned to the DSPs along with the inspectors.","साथ ही शहर के वीआइपी सेक्टरों सहित मार्केट्स, मॉल व अन्य जगहों पर जांच करने का जिम्मा इंस्पेक्टर सहित डीएसपी को सौंपा गया है।","शहर के वीपी सेक्टर की जाँच करने की ज़िम्मेदारी, साथ ही बाजारों, बाज़ारों, आदि.","शहर के वीपी सेक्टर की जाँच करने की ज़िम्मेदारी, साथ ही बाजारों, बाजारों, आदि.",4.556667604132135,4.556667604132135,Tie
"Amid a firestorm of criticism, President Obama yesterday walked back his oft-repeated, unambiguous promise that ""if you like your health plan, you can keep it.""","आलोचनाओं की बौछार के बीच, राष्ट्रपति ओबामा ने कल अपने अक्सर दोहराये जाने वाले भ्रामक वादे को वापस ले लिया कि ""यदि आप अपनी स्वास्थ्य योजना को पसंद करें तो उसे जारी रख सकते हैं।""","""अगर आप अपने स्वास्थ्य योजना की तरह हैं, तो आप इसे रख सकते हैं.""","""अगर आप अपने स्वास्थ्य योजना की तरह, आप इसे रख सकते हैं.""",2.5751384417915117,2.199173188579326,Direct
The police could not reveal any information about many more similar recent cases besides these.,पुलिस इनके अलावा हाल ही में हुए कई और मामलों का खुलासा भी नहीं कर पाई है।,"इसके अलावा, पुलिस ने हाल ही के कई मामलों के बारे में और भी कुछ जानकारी नहीं दी ।",पुलिस इन मामलों के अलावा अनेक समान हाल के मामलों के बारे में कुछ भी नहीं बता सकी ।,5.7259987315337755,5.538003944406129,Direct
"Prosecutors had demanded a life sentence, although they could have pushed that the man dubbed the ""Demolition Man"" for his reputation as a master bomb-maker be sentenced to death.","अभियोजकों ने आजीवन कारावास की सजा की मांग की थी, यद्यपि वे यह मांग भी कर सकते थे कि बम बनाने वाले मास्टर व्यक्ति के रूप में कुख्यात ""विध्वंसकारी व्यक्ति"" कहे जाने वाले इस व्यक्ति का मृत्युदंड हो।","Picuter एक जीवन वाक्य की माँग की थी, हालांकि वे धक्का दे सकता था कि उस आदमी को एक महान बम निर्माता के रूप में उसकी प्रतिष्ठा के लिए बुलाया गया था मौत की सजा.","Picuter एक जीवन वाक्य की माँग की थी, हालांकि वे धक्का दे सकता था कि उस आदमी को एक महान बम निर्माता के रूप में उसकी प्रतिष्ठा के लिए बुलाया गया था.",7.040025970355025,6.301954971730818,Direct
Moti Nagar police have registered a case against the accused.,मोती नगर पुलिस ने सभी आरोपियों पर मामला दर्ज कर लिया है।,नी नार्क पुलिस ने आरोपी के विरुद्ध एक मामला रजिस्टर किया है.,नी नार्क पुलिस ने आरोपी के खिलाफ एक मामला रजिस्टर किया है.,6.837203339116283,6.837203339116283,Tie
"The third son of Hirachand Govaradhandas Ambani, who worked as a teacher in a school in Coravada, a small village in Gujarat, Dhirubhai Ambani was born on December 28th, 1932.",गुजरात के एक छोटे से गांव चोरवाड के एक स्कूल में शिक्षक के पद पर पदस्थ हीराचंद गोवरधनदास अंबानी के तीसरे बेटे धीरूभाई अंबानी का जन्म 28 दिसंबर 1932 को हुआ।,"आम तौर पर, यह एक छोटा - सा गाँव था, जो 28 दिसंबर, 1932 की बात है ।","आम तौर पर, वहाँ के लोगों का जन्म 28 दिसंबर, 1932 को हुआ ।",2.8369015140472493,7.661666771119942,Noisy Channel
The bank promptly notified the relevant authorities and has been co-operating with its regulators.,बैंक ने तुरन्त ही सुसंगत प्राधिकरणों को अधिसूचित किया तथा अपने विनियामकों के साथ सहयोग कर रहा है।,बैंक ने तुरंत संबंधित अधिकारियों को सूचित किया और अपने नियामक के साथ सहवास किया गया है.,बैंक ने तुरंत संबंधित अधिकारियों को सूचित किया है और अपने नियामक के साथ सहवास किया गया है.,6.986768364373987,6.585833693600902,Direct
It is being said that Nita Ambani and her daughter Isha may also perform in this.,बताया जा रहा है कि नीता अंबानी और उनकी बेटी ईशा भी इसमें अपनी प्रस्तुती दे सकती है।,यह कहा जा रहा है कि नताता Abyi और उसकी बेटी इशा भी इस में कर सकते हैं।,कहा जा रहा है कि नताता Abii और उसकी बेटी इशा भी इस में कर सकते हैं।,15.464260451973765,15.526320210133514,Noisy Channel
The news came on the same day as Credit Suisse announced it had dismissed a trader at its London exchange traded funds desk this week after he had caused a nearly $6m loss late last year.,"यह समाचार उसी दिन आया, जिस दिन क्रेडिट सुइस ने लंदन में अपने एक्सचेन्ज ट्रेडेड फंड्स डेस्क से ट्रेडर को इस सप्ताह सेवाच्युत किए जाने की घोषणा की थी, जिसने पिछले वर्ष के अंत में लगभग $6 मिलियन का घाटा किया था।","यह खबर उसी दिन आयी, जिस दिन उसने बताया कि लंदन के व्यापार - बाज़ार में व्यापार विभाग में एक व्यापारकर्ता ने पिछले साल के दौरान लगभग $६ करोड़ रुपए खो दिए थे ।","यह खबर उसी दिन आयी, जिस दिन उसने बताया कि लंदन के व्यापार - बाज़ार में व्यापार विभाग में एक व्यापारकर्ता ने पिछले साल के आखिर में करीब 60,000 रुपए खो दिए थे ।",5.195472337747217,4.623078509140586,Direct
Moore added that if he uncovers sufficient evidence to warrant a criminal or civil rights investigation into the death of Johnson he will ask the FBI to conduct it.,मूरे ने यह भी कहा कि यदि वह जॉनसन की मृत्यु के मामले में किसी अपराधी को तलब करने अथवा  नागरिक अधिकारों की जांच करने के लिए पर्याप्त साक्ष्य पाते हैं तो वह उसे करने के लिए एफ.बी.आई. से कहेंगे।,"मूर ने आगे कहा कि यदि वह एक अपराधी या नागरिक अधिकारों की जाँच - पड़ताल के लिए पर्याप्त सबूत बनाता है, तो वह जॉनसन की मृत्यु के लिए एफबीआई से इस तरह व्यवहार करने के लिए पूछना होगा.","मूर ने आगे कहा कि यदि वह एक अपराधी या नागरिक अधिकारों की जाँच - पड़ताल के लिए पर्याप्त सबूत बनाता है, तो वह जॉनसन की मृत्यु के लिए एफबीआई से यह पूछने के लिए पूछना होगा.",21.538902585518695,20.361978660561252,Direct
"After learning the truth, he changed back to a man, taking testosterone shots and having his breasts removed.","सच्चाई जानने के पश्चात, वह वापस पुरुष बन गया, उसने टेस्टोस्टेरॉन की खुराक ली तथा अपने स्तन हटवा दिए।","सच्चाई सीखने के बाद, वह एक आदमी के पास वापस गया और जाँच - पड़ताल करने लगा ।","सच्चाई सीखने के बाद, उसने एक आदमी के पास वापस आ गया ।",4.796244947449376,4.5337414033126056,Direct
"Currently in judicial custody at the Central Jail on charges of sexual abuse of a minor, the student Asaram will spend his Diwali in jail this time.",नाबालिग छात्रा के यौन उत्पीड़न के आरोप में यहां सेंट्रल जेल में न्यायिक हिरासत के तहत बंद आसाराम की इस बार की दिवाली जेल में मनेगी।,"अभी मध्य याल में एक छोटी - सी के लैंगिक दुर्व्यवहार के आरोपों पर न्यायिक जेल में, विद्यार्थी आसाराम इस बार जेल में अपनी डायवा को ख़र्च करेगा ।","अभी मध्य याल में एक छोटी - सी के लैंगिक दुर्व्यवहार के आरोपों पर न्यायिक जेल में, विद्यार्थी आसाराम इस बार जेल में अपनी डायवाता खर्च करेगा ।",5.0043275293892355,5.1865993690957275,Noisy Channel
"He added: ""It was unable to fly off again so we were contacted for help.""","आगे उन्होंने बताया किः ""यह फिर से उड़ने में असमर्थ था इसलिए हमसे मदद के लिए संपर्क किया गया।""","उसने कहा, ""वह तो फिर चोरी-छिपे नहीं हो सकता। अतः हमने सहायता के लिए उनसे संपर्क किया।""","(मूसा ने) कहा, ""नहीं, बल्कि हम वंचित होकर रह गए।""",4.793738461810042,2.1277706909980765,Direct
Dr. Georges Bwelle is one of the top 10 CNN Heroes of 2013.,डॉ. जॉर्जेस वेल वर्ष 2013 में सी.एन.एन. के शीर्ष 10 नायकों में से एक हैं।,"डॉ. जॉर्ज बीएल, 2013 की सबसे ऊपर सीनेट हेस में से एक है ।","डॉ. जॉर्ज बीएल, 2013 की सबसे ऊपर सी.",8.765424318172766,4.515782773143333,Direct
